RMSE,r_squared
62427.8599194682,0.592936902699019
