model_id,rmse,r2,mape,mean_ae,median_ae
linear_regression_train,62427.859919468174,0.5929369026990188,27.967061819099193,45910.93065446962,35859.4702499495
linear_regression_test,62575.85923719804,0.5851021762725543,28.60088061192907,46244.82511011655,36628.24020842201
