RMSE,r_squared
62575.859237198,0.585102176272554
